{
  "power": {
    "unit": "W",
    "asok11": {
      "value": 320.79399141631,
      "timestamp": 1400161015
    }
  },
  "energy": {
    "unit": "kWh",
    "asok11": {
      "value": 592.6842578125,
      "timestamp": 1400161015
    }
  },
  "voltage": {
    "unit": "V",
    "asok11": {
      "value": 228.7,
      "timestamp": 1400161015
    }
  },
  "timedrift": {
    "unit": "sec",
    "asok11": {
      "value": -2,
      "timestamp": 1400161015
    }
  }
}
