{
  "probes": {
    "Asok09": {
      "kwh": 6.704016435809573,
      "timestamp": 1400156623.90254,
      "w": 325.9184549356223
    },
    "Asok10": {
      "kwh": 6.664042427357206,
      "timestamp": 1400156624.07642,
      "w": 322.412017167382
    },
    "Asok11": {
      "kwh": 6.549972666316087,
      "timestamp": 1400156623.623479,
      "w": 320.53004291845
    },
    "Asok12": {
      "kwh": 6.698941908797939,
      "timestamp": 1400156624.07766,
      "w": 325.46351931330474
    }
  }
}